id,first_name,last_name,phone,password
1,Jennifer,Mccann,039-725-0582,"$argon2id$v=19$m=102400,t=2,p=8$f4+eP2/ru3/7aZ76LBrwQw$S8xsfTAa69y7AWAXa3Puew"
2,Kelly,Бобылев,+7 039 853 64 3,"$argon2id$v=19$m=102400,t=2,p=8$lvyp0yvbvzqSLnoGGyWR9A$pwV8JG7Stxa9B6/QeLhawQ"
3,Alexis,Taylor,289.879.0341x04,"$argon2id$v=19$m=102400,t=2,p=8$sE0tkBDVqWIQLFmCb9xkeA$Occ8wW89JIHGHsWBoHqy5Q"
4,Stephanie,Schaefer,(899)147-9184x4,"$argon2id$v=19$m=102400,t=2,p=8$XaNZ3HjPLlV2VrLMWiiLhQ$00t6y9jUGEpcqWMlhNgEiA"
5,Олимпий,Baker,974.621.1665x34,"$argon2id$v=19$m=102400,t=2,p=8$RYyctpDEIKKxyuC6TWE2xw$kNKqDDAwvYQfI7cODk8Bxg"
6,Margaret,Smith,+7 (755) 196-33,"$argon2id$v=19$m=102400,t=2,p=8$cOOzDJ05czptd5tcrZPKLg$kXPaBp54pBaYZR+pf6OvkQ"
7,Лучезар,Hodge,86031036242,"$argon2id$v=19$m=102400,t=2,p=8$tI7zSKSPjSJo71ZVq63ebw$aPeCUvB09+xFcXWpRPG8yw"
8,Mary,Белов,81496888261,"$argon2id$v=19$m=102400,t=2,p=8$5VXNvs1j3rFaUtfyVppDJg$cHlmxItmCVl9RoqvsfAfhA"
9,Steve,Савельев,914.861.6132x35,"$argon2id$v=19$m=102400,t=2,p=8$Feh1Oh2+4RVUtq8ivKsWQQ$mtf5umYG3VkNpNLufAWqUQ"
10,Эдуард,Смирнова,+7 187 931 75 1,"$argon2id$v=19$m=102400,t=2,p=8$QL5hltOk/z+YSmnXsxldlg$D+efiHkPsQIDPkb3VkYzMg"
11,Tara,Владимиров,+7 952 813 5136,"$argon2id$v=19$m=102400,t=2,p=8$SiUNqbNHptZDBuVDyRKKyQ$pp0cjqbf0VT+csBvlmrf1Q"
12,Аполлинарий,Орлова,+7 434 425 3057,"$argon2id$v=19$m=102400,t=2,p=8$39C4HGbOTmaPysjZiUGINA$6XPnPuPybdauynR+mcaIVQ"
13,Hannah,Михайлов,+76907106081,"$argon2id$v=19$m=102400,t=2,p=8$zYAZhlNQlGZ1zsMYZ6PoWw$xCDDcoFsmw8A12fb6GHe8A"
14,Глафира,Johnson,(885)181-6202x3,"$argon2id$v=19$m=102400,t=2,p=8$943mvUejeEh1FovCGji7TA$RHC5Zp9z5J0gb7LwuOknWA"
15,Taylor,Harrell,092.282.5379x95,"$argon2id$v=19$m=102400,t=2,p=8$qZwdAaNEx6gskZ3J6AL5Hw$Ym/LBUgnTZeIXnik8Puurg"
16,Януарий,Виноградов,(242)873-3671,"$argon2id$v=19$m=102400,t=2,p=8$IYZ6/ZuGntQn+EJ/6uXANw$oN7IraQrXCgxnWEe6ymANg"
17,Anthony,Campbell,+7 (351) 013-10,"$argon2id$v=19$m=102400,t=2,p=8$kEwOuhzcV+xGrDKOA5vzgw$DaCgJIeoQ5tPVUXntvfH3g"
18,Регина,Montgomery,001-842-432-527,"$argon2id$v=19$m=102400,t=2,p=8$Mf31qt5m6eNUwUfBBYieSw$iMmFxtPBes50DGdGqjnoqA"
19,Seth,Панфилов,113-776-1713x87,"$argon2id$v=19$m=102400,t=2,p=8$08exGG35r2Dmgn4JC6XRYQ$CdoFT2QHNjXnpXpkepu/oA"
20,Парфен,Лапин,8 (405) 238-45-,"$argon2id$v=19$m=102400,t=2,p=8$1VhIKvEpqmhZNgv5LPjwjg$Wdd/pHId7TVuF0n8LELBTw"
